BG-Čukarica
BG-Novi Beograd
BG-Palilula
BG-Rakovica
BG-Savski venac
BG-Stari grad
BG-Voždovac
BG-Vračar
BG-Zemun
BG-Zvezdara
BG-Barajevo
BG-Grocka
BG-Lazarevac
BG-Mladenovac
BG-Obrenovac
BG-Sopot
BG-Surčin
NS-Futog
NS-Veternik
NS-Begeč
NS-Kisač
NS-Rumenka
NS-Stepanovićevo
NS-Kać
NS-Čenej
NS-Budisava
NS-Kovilj
NS-Petrovaradin
NS-Sremska Kamenica
NS-Bukovac
NS-Ledinci
NS-Stari Ledinci
NI-Medijana
NI-Palilula
NI-Crveni krst
NI-Pantelej
NI-Niška banja
KG-Aerodrom 
KG-Pivara 
KG-Stanovo
KG-Stari grad
KG-Stragari
